<?xml version="1.0" encoding="UTF-8"?>
<!DOCTYPE mapper PUBLIC "-//mybatis.org//DTD Mapper 3.0//EN" "http://mybatis.org/dtd/mybatis-3-mapper.dtd">
<mapper namespace="com.mashibing.mapper.FyHistoryMoneyTempMapper">

    <!-- 通用查询映射结果 -->
    <resultMap id="BaseResultMap" type="com.mashibing.bean.FyHistoryMoneyTemp">
        <result column="cell_id" property="cellId" />
        <result column="cell_name" property="cellName" />
        <result column="build_area" property="buildArea" />
        <result column="price_unit" property="priceUnit" />
        <result column="money" property="money" />
        <result column="money_start_date" property="moneyStartDate" />
        <result column="money_stop_date" property="moneyStopDate" />
        <result column="remark" property="remark" />
        <result column="operate_person" property="operatePerson" />
    </resultMap>

    <!-- 通用查询结果列 -->
    <sql id="Base_Column_List">
        cell_id, cell_name, build_area, price_unit, money, money_start_date, money_stop_date, remark, operate_person
    </sql>

</mapper>
