<?xml version="1.0" encoding="UTF-8"?>
<!DOCTYPE mapper PUBLIC "-//mybatis.org//DTD Mapper 3.0//EN" "http://mybatis.org/dtd/mybatis-3-mapper.dtd">
<mapper namespace="com.mashibing.mapper.FyPublicBoxMapper">

    <!-- 通用查询映射结果 -->
    <resultMap id="BaseResultMap" type="com.mashibing.bean.FyPublicBox">
        <result column="public_box_id" property="publicBoxId" />
        <result column="money_id" property="moneyId" />
        <result column="public_box_read_number" property="publicBoxReadNumber" />
        <result column="share_method" property="shareMethod" />
        <result column="public_box_state" property="publicBoxState" />
    </resultMap>

    <!-- 通用查询结果列 -->
    <sql id="Base_Column_List">
        public_box_id, money_id, public_box_read_number, share_method, public_box_state
    </sql>

</mapper>
