<?xml version="1.0" encoding="UTF-8"?>
<!DOCTYPE mapper PUBLIC "-//mybatis.org//DTD Mapper 3.0//EN" "http://mybatis.org/dtd/mybatis-3-mapper.dtd">
<mapper namespace="com.mashibing.mapper.FySaleContractMapper">

    <!-- 通用查询映射结果 -->
    <resultMap id="BaseResultMap" type="com.mashibing.bean.FySaleContract">
        <id column="sale_contract_id" property="saleContractId" />
        <result column="cell_id" property="cellId" />
        <result column="contract_money" property="contractMoney" />
        <result column="contract_date" property="contractDate" />
        <result column="pay_method" property="payMethod" />
        <result column="id_number" property="idNumber" />
        <result column="customer_name" property="customerName" />
        <result column="online_phone" property="onlinePhone" />
        <result column="phone_number" property="phoneNumber" />
        <result column="remark" property="remark" />
        <result column="contract_attach" property="contractAttach" />
    </resultMap>

    <!-- 通用查询结果列 -->
    <sql id="Base_Column_List">
        sale_contract_id, cell_id, contract_money, contract_date, pay_method, id_number, customer_name, online_phone, phone_number, remark, contract_attach
    </sql>

</mapper>
