<?xml version="1.0" encoding="UTF-8"?>
<!DOCTYPE mapper PUBLIC "-//mybatis.org//DTD Mapper 3.0//EN" "http://mybatis.org/dtd/mybatis-3-mapper.dtd">
<mapper namespace="com.mashibing.mapper.FyShareStandingBookMapper">

    <!-- 通用查询映射结果 -->
    <resultMap id="BaseResultMap" type="com.mashibing.bean.FyShareStandingBook">
        <id column="id" property="id" />
        <result column="standing_book_name" property="standingBookName" />
        <result column="associate_cost_code" property="associateCostCode" />
        <result column="remark" property="remark" />
        <result column="create_date" property="createDate" />
        <result column="create_person" property="createPerson" />
        <result column="company" property="company" />
    </resultMap>

    <!-- 通用查询结果列 -->
    <sql id="Base_Column_List">
        id, standing_book_name, associate_cost_code, remark, create_date, create_person, company
    </sql>

</mapper>
