<?xml version="1.0" encoding="UTF-8"?>
<!DOCTYPE mapper PUBLIC "-//mybatis.org//DTD Mapper 3.0//EN" "http://mybatis.org/dtd/mybatis-3-mapper.dtd">
<mapper namespace="com.mashibing.mapper.FyTemporaryMoneySettingMapper">

    <!-- 通用查询映射结果 -->
    <resultMap id="BaseResultMap" type="com.mashibing.bean.FyTemporaryMoneySetting">
        <id column="id" property="id" />
        <result column="temporary_money_name" property="temporaryMoneyName" />
        <result column="upper_money_id" property="upperMoneyId" />
        <result column="price_unit" property="priceUnit" />
        <result column="money_description" property="moneyDescription" />
        <result column="create_person" property="createPerson" />
        <result column="create_date" property="createDate" />
        <result column="update_person" property="updatePerson" />
        <result column="update_date" property="updateDate" />
        <result column="company" property="company" />
    </resultMap>

    <!-- 通用查询结果列 -->
    <sql id="Base_Column_List">
        id, temporary_money_name, upper_money_id, price_unit, money_description, create_person, create_date, update_person, update_date, company
    </sql>

</mapper>
