<?xml version="1.0" encoding="UTF-8"?>
<!DOCTYPE mapper PUBLIC "-//mybatis.org//DTD Mapper 3.0//EN" "http://mybatis.org/dtd/mybatis-3-mapper.dtd">
<mapper namespace="com.mashibing.mapper.TblAdviceBoxMapper">

    <!-- 通用查询映射结果 -->
    <resultMap id="BaseResultMap" type="com.mashibing.bean.TblAdviceBox">
        <id column="id" property="id" />
        <result column="name" property="name" />
        <result column="type" property="type" />
        <result column="status" property="status" />
        <result column="admin_id" property="adminId" />
        <result column="user_range_id" property="userRangeId" />
        <result column="User_range_name" property="userRangeName" />
        <result column="remark" property="remark" />
        <result column="create_person" property="createPerson" />
        <result column="create_date" property="createDate" />
    </resultMap>

    <!-- 通用查询结果列 -->
    <sql id="Base_Column_List">
        id, name, type, status, admin_id, user_range_id, User_range_name, remark, create_person, create_date
    </sql>

</mapper>
