<?xml version="1.0" encoding="UTF-8"?>
<!DOCTYPE mapper PUBLIC "-//mybatis.org//DTD Mapper 3.0//EN" "http://mybatis.org/dtd/mybatis-3-mapper.dtd">
<mapper namespace="com.mashibing.mapper.TblComparyNoticeMapper">

    <!-- 通用查询映射结果 -->
    <resultMap id="BaseResultMap" type="com.mashibing.bean.TblComparyNotice">
        <id column="id" property="id" />
        <result column="notice_theme" property="noticeTheme" />
        <result column="notice_content" property="noticeContent" />
        <result column="start_date" property="startDate" />
        <result column="stop_date" property="stopDate" />
        <result column="receive_type" property="receiveType" />
        <result column="notice_category" property="noticeCategory" />
        <result column="attach_name" property="attachName" />
        <result column="attach_path" property="attachPath" />
        <result column="status" property="status" />
        <result column="notice_type" property="noticeType" />
        <result column="notice_attach" property="noticeAttach" />
        <result column="input_person" property="inputPerson" />
        <result column="input_date" property="inputDate" />
        <result column="check_person" property="checkPerson" />
        <result column="check_date" property="checkDate" />
        <result column="check_advice" property="checkAdvice" />
        <result column="allow_user_code" property="allowUserCode" />
        <result column="allow_user_name" property="allowUserName" />
    </resultMap>

    <!-- 通用查询结果列 -->
    <sql id="Base_Column_List">
        id, notice_theme, notice_content, start_date, stop_date, receive_type, notice_category, attach_name, attach_path, status, notice_type, notice_attach, input_person, input_date, check_person, check_date, check_advice, allow_user_code, allow_user_name
    </sql>

</mapper>
