<?xml version="1.0" encoding="UTF-8"?>
<!DOCTYPE mapper PUBLIC "-//mybatis.org//DTD Mapper 3.0//EN" "http://mybatis.org/dtd/mybatis-3-mapper.dtd">
<mapper namespace="com.mashibing.mapper.TblCommonLanguageMapper">

    <!-- 通用查询映射结果 -->
    <resultMap id="BaseResultMap" type="com.mashibing.bean.TblCommonLanguage">
        <id column="id" property="id" />
        <result column="content" property="content" />
        <result column="status" property="status" />
        <result column="category" property="category" />
        <result column="create_person" property="createPerson" />
        <result column="create_date" property="createDate" />
    </resultMap>

    <!-- 通用查询结果列 -->
    <sql id="Base_Column_List">
        id, content, status, category, create_person, create_date
    </sql>

</mapper>
