<?xml version="1.0" encoding="UTF-8"?>
<!DOCTYPE mapper PUBLIC "-//mybatis.org//DTD Mapper 3.0//EN" "http://mybatis.org/dtd/mybatis-3-mapper.dtd">
<mapper namespace="com.mashibing.mapper.TblDbbackupMapper">

    <!-- 通用查询映射结果 -->
    <resultMap id="BaseResultMap" type="com.mashibing.bean.TblDbbackup">
        <id column="id" property="id" />
        <result column="db_name" property="dbName" />
        <result column="db_url" property="dbUrl" />
        <result column="operate_id" property="operateId" />
        <result column="operate_person" property="operatePerson" />
        <result column="operate_date" property="operateDate" />
    </resultMap>

    <!-- 通用查询结果列 -->
    <sql id="Base_Column_List">
        id, db_name, db_url, operate_id, operate_person, operate_date
    </sql>

</mapper>
