<?xml version="1.0" encoding="UTF-8"?>
<!DOCTYPE mapper PUBLIC "-//mybatis.org//DTD Mapper 3.0//EN" "http://mybatis.org/dtd/mybatis-3-mapper.dtd">
<mapper namespace="com.mashibing.mapper.TblDesktopMapper">

    <!-- 通用查询映射结果 -->
    <resultMap id="BaseResultMap" type="com.mashibing.bean.TblDesktop">
        <result column="id" property="id" />
        <result column="name" property="name" />
        <result column="more_path" property="morePath" />
        <result column="privileges" property="privileges" />
        <result column="status" property="status" />
        <result column="belong_product" property="belongProduct" />
    </resultMap>

    <!-- 通用查询结果列 -->
    <sql id="Base_Column_List">
        id, name, more_path, privileges, status, belong_product
    </sql>

</mapper>
