<?xml version="1.0" encoding="UTF-8"?>
<!DOCTYPE mapper PUBLIC "-//mybatis.org//DTD Mapper 3.0//EN" "http://mybatis.org/dtd/mybatis-3-mapper.dtd">
<mapper namespace="com.mashibing.mapper.TblDbsourceMapper">

    <!-- 通用查询映射结果 -->
    <resultMap id="BaseResultMap" type="com.mashibing.bean.TblDbsource">
        <id column="id" property="id" />
        <result column="source_name" property="sourceName" />
        <result column="source_desc" property="sourceDesc" />
        <result column="source_type" property="sourceType" />
        <result column="source_class" property="sourceClass" />
        <result column="id_clear" property="idClear" />
        <result column="update_date" property="updateDate" />
        <result column="belong_product" property="belongProduct" />
    </resultMap>

    <!-- 通用查询结果列 -->
    <sql id="Base_Column_List">
        id, source_name, source_desc, source_type, source_class, id_clear, update_date, belong_product
    </sql>

</mapper>
