<?xml version="1.0" encoding="UTF-8"?>
<!DOCTYPE mapper PUBLIC "-//mybatis.org//DTD Mapper 3.0//EN" "http://mybatis.org/dtd/mybatis-3-mapper.dtd">
<mapper namespace="com.mashibing.mapper.TblDashboardMapper">

    <!-- 通用查询映射结果 -->
    <resultMap id="BaseResultMap" type="com.mashibing.bean.TblDashboard">
        <id column="id" property="id" />
        <result column="data_item" property="dataItem" />
        <result column="more_path" property="morePath" />
        <result column="privileges" property="privileges" />
        <result column="Status" property="Status" />
        <result column="belong_product" property="belongProduct" />
    </resultMap>

    <!-- 通用查询结果列 -->
    <sql id="Base_Column_List">
        id, data_item, more_path, privileges, Status, belong_product
    </sql>

</mapper>
