<?xml version="1.0" encoding="UTF-8"?>
<!DOCTYPE mapper PUBLIC "-//mybatis.org//DTD Mapper 3.0//EN" "http://mybatis.org/dtd/mybatis-3-mapper.dtd">
<mapper namespace="com.mashibing.mapper.TblEmployeeContactCategoryMapper">

    <!-- 通用查询映射结果 -->
    <resultMap id="BaseResultMap" type="com.mashibing.bean.TblEmployeeContactCategory">
        <id column="id" property="id" />
        <result column="category_name" property="categoryName" />
        <result column="order_id" property="orderId" />
        <result column="remark" property="remark" />
        <result column="parent_category_id" property="parentCategoryId" />
        <result column="line" property="line" />
        <result column="create_person_id" property="createPersonId" />
        <result column="create_person" property="createPerson" />
        <result column="privileges" property="privileges" />
    </resultMap>

    <!-- 通用查询结果列 -->
    <sql id="Base_Column_List">
        id, category_name, order_id, remark, parent_category_id, line, create_person_id, create_person, privileges
    </sql>

</mapper>
