<?xml version="1.0" encoding="UTF-8"?>
<!DOCTYPE mapper PUBLIC "-//mybatis.org//DTD Mapper 3.0//EN" "http://mybatis.org/dtd/mybatis-3-mapper.dtd">
<mapper namespace="com.mashibing.mapper.TblLoginLogMapper">

    <!-- 通用查询映射结果 -->
    <resultMap id="BaseResultMap" type="com.mashibing.bean.TblLoginLog">
        <id column="id" property="id" />
        <result column="login_date" property="loginDate" />
        <result column="login_ip" property="loginIp" />
        <result column="login_status" property="loginStatus" />
        <result column="open_mk" property="openMk" />
        <result column="login_mechine_name" property="loginMechineName" />
        <result column="login_port" property="loginPort" />
        <result column="login_door" property="loginDoor" />
    </resultMap>

    <!-- 通用查询结果列 -->
    <sql id="Base_Column_List">
        id, login_date, login_ip, login_status, open_mk, login_mechine_name, login_port, login_door
    </sql>

</mapper>
