<?xml version="1.0" encoding="UTF-8"?>
<!DOCTYPE mapper PUBLIC "-//mybatis.org//DTD Mapper 3.0//EN" "http://mybatis.org/dtd/mybatis-3-mapper.dtd">
<mapper namespace="com.mashibing.mapper.TblMyadviceMapper">

    <!-- 通用查询映射结果 -->
    <resultMap id="BaseResultMap" type="com.mashibing.bean.TblMyadvice">
        <id column="id" property="id" />
        <result column="title" property="title" />
        <result column="content" property="content" />
        <result column="advice_box" property="adviceBox" />
        <result column="status" property="status" />
        <result column="attach_name" property="attachName" />
        <result column="publisher_id" property="publisherId" />
        <result column="publisher_name" property="publisherName" />
        <result column="publisher_date" property="publisherDate" />
        <result column="reply_content" property="replyContent" />
        <result column="reply_id" property="replyId" />
        <result column="reply_name" property="replyName" />
        <result column="reply_date" property="replyDate" />
    </resultMap>

    <!-- 通用查询结果列 -->
    <sql id="Base_Column_List">
        id, title, content, advice_box, status, attach_name, publisher_id, publisher_name, publisher_date, reply_content, reply_id, reply_name, reply_date
    </sql>

</mapper>
