<?xml version="1.0" encoding="UTF-8"?>
<!DOCTYPE mapper PUBLIC "-//mybatis.org//DTD Mapper 3.0//EN" "http://mybatis.org/dtd/mybatis-3-mapper.dtd">
<mapper namespace="com.mashibing.mapper.TblMessageReceiveMapper">

    <!-- 通用查询映射结果 -->
    <resultMap id="BaseResultMap" type="com.mashibing.bean.TblMessageReceive">
        <id column="id" property="id" />
        <result column="phone" property="phone" />
        <result column="extend_phone" property="extendPhone" />
        <result column="message_content" property="messageContent" />
        <result column="reply_date" property="replyDate" />
        <result column="position_order" property="positionOrder" />
        <result column="receive_date" property="receiveDate" />
        <result column="read_tag" property="readTag" />
        <result column="read_date" property="readDate" />
    </resultMap>

    <!-- 通用查询结果列 -->
    <sql id="Base_Column_List">
        id, phone, extend_phone, message_content, reply_date, position_order, receive_date, read_tag, read_date
    </sql>

</mapper>
