<?xml version="1.0" encoding="UTF-8"?>
<!DOCTYPE mapper PUBLIC "-//mybatis.org//DTD Mapper 3.0//EN" "http://mybatis.org/dtd/mybatis-3-mapper.dtd">
<mapper namespace="com.mashibing.mapper.TblMessageChargeMapper">

    <!-- 通用查询映射结果 -->
    <resultMap id="BaseResultMap" type="com.mashibing.bean.TblMessageCharge">
        <result column="charge_number" property="chargeNumber" />
        <result column="charge_account" property="chargeAccount" />
        <result column="charge_money" property="chargeMoney" />
        <result column="charge_desc" property="chargeDesc" />
        <result column="charge_person" property="chargePerson" />
        <result column="charge_date" property="chargeDate" />
    </resultMap>

    <!-- 通用查询结果列 -->
    <sql id="Base_Column_List">
        charge_number, charge_account, charge_money, charge_desc, charge_person, charge_date
    </sql>

</mapper>
