<?xml version="1.0" encoding="UTF-8"?>
<!DOCTYPE mapper PUBLIC "-//mybatis.org//DTD Mapper 3.0//EN" "http://mybatis.org/dtd/mybatis-3-mapper.dtd">
<mapper namespace="com.mashibing.mapper.TblNetdiskUrlMapper">

    <!-- 通用查询映射结果 -->
    <resultMap id="BaseResultMap" type="com.mashibing.bean.TblNetdiskUrl">
        <id column="id" property="id" />
        <result column="dir_id" property="dirId" />
        <result column="file_name" property="fileName" />
        <result column="new_name" property="newName" />
        <result column="file_type" property="fileType" />
        <result column="file_size" property="fileSize" />
        <result column="create_date" property="createDate" />
    </resultMap>

    <!-- 通用查询结果列 -->
    <sql id="Base_Column_List">
        id, dir_id, file_name, new_name, file_type, file_size, create_date
    </sql>

</mapper>
