<?xml version="1.0" encoding="UTF-8"?>
<!DOCTYPE mapper PUBLIC "-//mybatis.org//DTD Mapper 3.0//EN" "http://mybatis.org/dtd/mybatis-3-mapper.dtd">
<mapper namespace="com.mashibing.mapper.TblNetdiskDirMapper">

    <!-- 通用查询映射结果 -->
    <resultMap id="BaseResultMap" type="com.mashibing.bean.TblNetdiskDir">
        <id column="id" property="id" />
        <result column="name" property="name" />
        <result column="parent_dir" property="parentDir" />
        <result column="is_share" property="isShare" />
        <result column="user_id" property="userId" />
        <result column="create_date" property="createDate" />
    </resultMap>

    <!-- 通用查询结果列 -->
    <sql id="Base_Column_List">
        id, name, parent_dir, is_share, user_id, create_date
    </sql>

</mapper>
