<?xml version="1.0" encoding="UTF-8"?>
<!DOCTYPE mapper PUBLIC "-//mybatis.org//DTD Mapper 3.0//EN" "http://mybatis.org/dtd/mybatis-3-mapper.dtd">
<mapper namespace="com.mashibing.mapper.TblPrintParamMapper">

    <!-- 通用查询映射结果 -->
    <resultMap id="BaseResultMap" type="com.mashibing.bean.TblPrintParam">
        <id column="print_id" property="printId" />
        <result column="print_name" property="printName" />
        <result column="print_value" property="printValue" />
        <result column="print_desc" property="printDesc" />
    </resultMap>

    <!-- 通用查询结果列 -->
    <sql id="Base_Column_List">
        print_id, print_name, print_value, print_desc
    </sql>

</mapper>
