<?xml version="1.0" encoding="UTF-8"?>
<!DOCTYPE mapper PUBLIC "-//mybatis.org//DTD Mapper 3.0//EN" "http://mybatis.org/dtd/mybatis-3-mapper.dtd">
<mapper namespace="com.mashibing.mapper.TblPrintPaperMapper">

    <!-- 通用查询映射结果 -->
    <resultMap id="BaseResultMap" type="com.mashibing.bean.TblPrintPaper">
        <id column="id" property="id" />
        <result column="paper_name" property="paperName" />
        <result column="paper_value" property="paperValue" />
        <result column="paper_status" property="paperStatus" />
    </resultMap>

    <!-- 通用查询结果列 -->
    <sql id="Base_Column_List">
        id, paper_name, paper_value, paper_status
    </sql>

</mapper>
