<?xml version="1.0" encoding="UTF-8"?>
<!DOCTYPE mapper PUBLIC "-//mybatis.org//DTD Mapper 3.0//EN" "http://mybatis.org/dtd/mybatis-3-mapper.dtd">
<mapper namespace="com.mashibing.mapper.TblPositionRecordMapper">

    <!-- 通用查询映射结果 -->
    <resultMap id="BaseResultMap" type="com.mashibing.bean.TblPositionRecord">
        <id column="id" property="id" />
        <result column="position_name" property="positionName" />
        <result column="position_desc" property="positionDesc" />
        <result column="position_duty" property="positionDuty" />
        <result column="create_person" property="createPerson" />
        <result column="create_date" property="createDate" />
    </resultMap>

    <!-- 通用查询结果列 -->
    <sql id="Base_Column_List">
        id, position_name, position_desc, position_duty, create_person, create_date
    </sql>

</mapper>
