<?xml version="1.0" encoding="UTF-8"?>
<!DOCTYPE mapper PUBLIC "-//mybatis.org//DTD Mapper 3.0//EN" "http://mybatis.org/dtd/mybatis-3-mapper.dtd">
<mapper namespace="com.mashibing.mapper.TblQuickMapper">

    <!-- 通用查询映射结果 -->
    <resultMap id="BaseResultMap" type="com.mashibing.bean.TblQuick">
        <id column="id" property="id" />
        <result column="quick_name" property="quickName" />
        <result column="url_param" property="urlParam" />
        <result column="code_path" property="codePath" />
        <result column="icon_name" property="iconName" />
        <result column="mechine_name" property="mechineName" />
        <result column="public_type" property="publicType" />
        <result column="type" property="type" />
        <result column="input_record_person" property="inputRecordPerson" />
        <result column="input_record_date" property="inputRecordDate" />
    </resultMap>

    <!-- 通用查询结果列 -->
    <sql id="Base_Column_List">
        id, quick_name, url_param, code_path, icon_name, mechine_name, public_type, type, input_record_person, input_record_date
    </sql>

</mapper>
