<?xml version="1.0" encoding="UTF-8"?>
<!DOCTYPE mapper PUBLIC "-//mybatis.org//DTD Mapper 3.0//EN" "http://mybatis.org/dtd/mybatis-3-mapper.dtd">
<mapper namespace="com.mashibing.mapper.TblShortcutIconMapper">

    <!-- 通用查询映射结果 -->
    <resultMap id="BaseResultMap" type="com.mashibing.bean.TblShortcutIcon">
        <id column="id" property="id" />
        <result column="icon_name" property="iconName" />
        <result column="icon_path" property="iconPath" />
        <result column="status" property="status" />
    </resultMap>

    <!-- 通用查询结果列 -->
    <sql id="Base_Column_List">
        id, icon_name, icon_path, status
    </sql>

</mapper>
