<?xml version="1.0" encoding="UTF-8"?>
<!DOCTYPE mapper PUBLIC "-//mybatis.org//DTD Mapper 3.0//EN" "http://mybatis.org/dtd/mybatis-3-mapper.dtd">
<mapper namespace="com.mashibing.mapper.TblSysDiagramsMapper">

    <!-- 通用查询映射结果 -->
    <resultMap id="BaseResultMap" type="com.mashibing.bean.TblSysDiagrams">
        <result column="diagram_name" property="diagramName" />
        <result column="belong_person" property="belongPerson" />
        <result column="diagram_id" property="diagramId" />
        <result column="diagram_version" property="diagramVersion" />
        <result column="diagram_definition" property="diagramDefinition" />
    </resultMap>

    <!-- 通用查询结果列 -->
    <sql id="Base_Column_List">
        diagram_name, belong_person, diagram_id, diagram_version, diagram_definition
    </sql>

</mapper>
