<?xml version="1.0" encoding="UTF-8"?>
<!DOCTYPE mapper PUBLIC "-//mybatis.org//DTD Mapper 3.0//EN" "http://mybatis.org/dtd/mybatis-3-mapper.dtd">
<mapper namespace="com.mashibing.mapper.TblTodoMapper">

    <!-- 通用查询映射结果 -->
    <resultMap id="BaseResultMap" type="com.mashibing.bean.TblTodo">
        <id column="id" property="id" />
        <result column="name" property="name" />
        <result column="privileges" property="privileges" />
        <result column="status" property="status" />
        <result column="url" property="url" />
        <result column="show_number" property="showNumber" />
        <result column="days" property="days" />
        <result column="belong_product" property="belongProduct" />
    </resultMap>

    <!-- 通用查询结果列 -->
    <sql id="Base_Column_List">
        id, name, privileges, status, url, show_number, days, belong_product
    </sql>

</mapper>
