<?xml version="1.0" encoding="UTF-8"?>
<!DOCTYPE mapper PUBLIC "-//mybatis.org//DTD Mapper 3.0//EN" "http://mybatis.org/dtd/mybatis-3-mapper.dtd">
<mapper namespace="com.mashibing.mapper.TblUserGroupMapper">

    <!-- 通用查询映射结果 -->
    <resultMap id="BaseResultMap" type="com.mashibing.bean.TblUserGroup">
        <id column="id" property="id" />
        <result column="group_name" property="groupName" />
        <result column="group_type" property="groupType" />
        <result column="group_desc" property="groupDesc" />
        <result column="create_person" property="createPerson" />
        <result column="create_date" property="createDate" />
        <result column="update_person" property="updatePerson" />
        <result column="update_date" property="updateDate" />
    </resultMap>

    <!-- 通用查询结果列 -->
    <sql id="Base_Column_List">
        id, group_name, group_type, group_desc, create_person, create_date, update_person, update_date
    </sql>

</mapper>
